sujeto,movimiento,tipo_artefacto_sospechado,eventos,canales_afectados,bandas_afectadas,z_max_abs,salto_max_abs
211260561,all,salto_brusco_estadistico,1877,14,5,4.4964,922.9187
211260561,all,posible_muscular_beta_gamma,1154,6,3,690.76,2204.9462
211260561,all,posible_no_fisiologico_salto_o_pico,366,10,5,779.5902,2550.5204
211260561,all,posible_ocular_frontal_banda_baja,356,6,2,411.4617,1512.6382
211260561,all,outlier_estadistico_extremo,205,11,5,68.1141,4.471
211260561,left,salto_brusco_estadistico,768,14,5,4.454,877.599
211260561,left,posible_muscular_beta_gamma,665,6,3,347.5119,1169.3864
211260561,left,posible_no_fisiologico_salto_o_pico,206,8,3,338.8628,1063.2127
211260561,left,posible_ocular_frontal_banda_baja,192,5,2,401.9897,1411.1717
211260561,left,outlier_estadistico_extremo,85,10,4,58.9529,4.3669
211260561,pull,salto_brusco_estadistico,363,14,5,4.4725,74.5182
211260561,pull,posible_muscular_beta_gamma,166,6,3,15.3451,58.2253
211260561,pull,outlier_estadistico_extremo,54,9,5,14.089,4.4405
211260561,pull,posible_no_fisiologico_salto_o_pico,30,6,4,36.5132,27.7201
211260561,pull,posible_ocular_frontal_banda_baja,22,4,2,18.1159,16.1125
211260561,push,salto_brusco_estadistico,526,14,5,4.3632,49.8079
211260561,push,posible_muscular_beta_gamma,231,6,3,25.2705,65.9012
211260561,push,posible_ocular_frontal_banda_baja,88,6,2,43.6774,111.7104
211260561,push,outlier_estadistico_extremo,80,10,5,44.1572,4.4941
211260561,push,posible_no_fisiologico_salto_o_pico,39,8,3,44.9382,95.2019
211260561,right,salto_brusco_estadistico,238,14,5,4.4733,42.4935
211260561,right,posible_muscular_beta_gamma,130,6,3,6.4504,19.4453
211260561,right,outlier_estadistico_extremo,17,6,5,9.4805,4.2362
211260561,right,posible_no_fisiologico_salto_o_pico,6,5,4,8.6273,38.6558
211260561,right,posible_ocular_frontal_banda_baja,3,2,1,6.6035,13.8743
212260563,all,posible_no_fisiologico_salto_o_pico,676,12,5,258.8543,459.3722
212260563,all,posible_muscular_beta_gamma,661,6,3,231.0894,377.4667
212260563,all,salto_brusco_estadistico,629,14,5,4.4851,422.0579
212260563,all,posible_ocular_frontal_banda_baja,351,6,2,765.925,901.5339
212260563,all,outlier_estadistico_extremo,239,12,5,257.6633,4.4444
212260563,left,posible_no_fisiologico_salto_o_pico,363,12,5,459.882,679.413
212260563,left,posible_muscular_beta_gamma,294,6,3,450.1754,517.7713
212260563,left,salto_brusco_estadistico,224,14,5,4.3369,846.0856
212260563,left,posible_ocular_frontal_banda_baja,141,6,2,568.0542,864.7488
212260563,left,outlier_estadistico_extremo,65,11,5,273.6532,4.4517
212260563,pull,salto_brusco_estadistico,88,14,5,4.4636,36.2567
212260563,pull,posible_muscular_beta_gamma,52,6,3,8.5192,29.9807
212260563,pull,outlier_estadistico_extremo,28,8,5,8.2612,4.4256
212260563,pull,posible_ocular_frontal_banda_baja,13,2,2,17.421,10.4173
212260563,pull,posible_no_fisiologico_salto_o_pico,6,3,4,7.9938,21.4167
212260563,push,posible_muscular_beta_gamma,14,6,3,62.8842,48.6449
212260563,push,salto_brusco_estadistico,13,6,4,4.4124,10.4823
212260563,push,posible_no_fisiologico_salto_o_pico,10,4,2,151.4253,83.1134
212260563,push,posible_ocular_frontal_banda_baja,7,3,2,88.1218,94.585
212260563,push,outlier_estadistico_extremo,6,4,3,9.9218,3.6
212260563,right,salto_brusco_estadistico,143,14,5,4.2471,892.5723
212260563,right,posible_muscular_beta_gamma,95,6,3,41.2338,102.1317
212260563,right,posible_ocular_frontal_banda_baja,49,4,2,1373.3191,1906.4642
212260563,right,posible_no_fisiologico_salto_o_pico,38,8,5,97.7184,166.6163
212260563,right,outlier_estadistico_extremo,29,8,5,63.3791,4.0584
212260567,all,salto_brusco_estadistico,651,14,5,4.4783,1266.7789
212260567,all,posible_muscular_beta_gamma,548,6,3,634.513,3245.8846
212260567,all,posible_no_fisiologico_salto_o_pico,269,12,5,164.2461,448.6447
212260567,all,posible_ocular_frontal_banda_baja,191,6,2,1936.9706,2814.5997
212260567,all,outlier_estadistico_extremo,184,12,5,34.7391,4.4128
212260567,left,salto_brusco_estadistico,260,14,5,4.4743,130.0184
212260567,left,posible_muscular_beta_gamma,222,6,3,91.9951,150.573
212260567,left,posible_no_fisiologico_salto_o_pico,221,12,5,81.5452,154.8756
212260567,left,posible_ocular_frontal_banda_baja,125,6,2,941.0681,1925.888
212260567,left,outlier_estadistico_extremo,76,11,5,31.162,4.4797
212260567,pull,salto_brusco_estadistico,211,14,5,4.3622,89.1226
212260567,pull,posible_muscular_beta_gamma,145,6,3,33.9451,77.8084
212260567,pull,outlier_estadistico_extremo,47,9,5,10.852,4.273
212260567,pull,posible_no_fisiologico_salto_o_pico,41,10,4,15.6491,52.9888
212260567,pull,posible_ocular_frontal_banda_baja,32,4,2,29.119,63.0523
212260567,push,outlier_estadistico_extremo,72,10,5,71.6835,4.2843
212260567,push,salto_brusco_estadistico,72,13,5,4.3406,18.6161
212260567,push,posible_no_fisiologico_salto_o_pico,71,10,5,107.9037,185.9921
212260567,push,posible_muscular_beta_gamma,48,6,3,10.3398,17.395
212260567,push,posible_ocular_frontal_banda_baja,13,3,2,7.632,15.0007
212260567,right,salto_brusco_estadistico,9,7,5,4.3811,9.7956
212260567,right,outlier_estadistico_extremo,5,4,4,6.6686,0.4988
212260567,right,posible_muscular_beta_gamma,2,2,2,5.1219,13.877
212260567,right,posible_ocular_frontal_banda_baja,2,1,1,11.6356,31.3519
212260569,all,salto_brusco_estadistico,1008,14,5,4.4988,164.8675
212260569,all,posible_muscular_beta_gamma,629,6,3,93.1566,292.4153
212260569,all,posible_no_fisiologico_salto_o_pico,536,12,5,54.1097,168.4535
212260569,all,outlier_estadistico_extremo,328,12,5,28.0398,4.4928
212260569,all,posible_ocular_frontal_banda_baja,231,6,2,42.3974,110.804
212260569,left,salto_brusco_estadistico,419,14,5,4.4675,88.1038
212260569,left,posible_muscular_beta_gamma,231,6,3,27.5509,93.6046
212260569,left,outlier_estadistico_extremo,194,10,5,24.9661,4.4398
212260569,left,posible_no_fisiologico_salto_o_pico,194,11,5,24.6726,82.8099
212260569,left,posible_ocular_frontal_banda_baja,131,6,2,25.3956,36.2193
212260569,pull,posible_no_fisiologico_salto_o_pico,75,11,5,123.9313,184.3996
212260569,pull,posible_muscular_beta_gamma,70,6,3,103.3934,210.7238
212260569,pull,salto_brusco_estadistico,65,14,5,4.4325,256.0815
212260569,pull,outlier_estadistico_extremo,24,11,5,23.7676,4.4164
212260569,pull,posible_ocular_frontal_banda_baja,24,4,2,24.6027,48.8042
212260569,push,salto_brusco_estadistico,479,14,5,4.4878,64.752
212260569,push,posible_muscular_beta_gamma,329,6,3,119.2012,360.6195
212260569,push,posible_no_fisiologico_salto_o_pico,248,11,5,72.0834,254.3172
212260569,push,outlier_estadistico_extremo,142,11,5,17.334,4.4852
212260569,push,posible_ocular_frontal_banda_baja,89,6,2,20.073,51.4798
212260666,all,salto_brusco_estadistico,866,14,5,4.4967,777.0915
212260666,all,posible_muscular_beta_gamma,828,6,3,270.0424,982.5878
212260666,all,posible_no_fisiologico_salto_o_pico,548,12,5,2951.0286,11116.067
212260666,all,outlier_estadistico_extremo,290,12,5,92.2701,4.4986
212260666,all,posible_ocular_frontal_banda_baja,191,6,2,288.6043,817.7339
212260666,left,salto_brusco_estadistico,30,13,5,2.7929,143.3031
212260666,left,posible_muscular_beta_gamma,17,5,3,9.8701,42.7434
212260666,left,posible_ocular_frontal_banda_baja,12,3,2,34.108,15.1481
212260666,left,outlier_estadistico_extremo,9,2,3,17.3712,4.4104
212260666,pull,posible_muscular_beta_gamma,517,6,3,63.2168,140.7999
212260666,pull,salto_brusco_estadistico,463,14,5,4.4981,251.8671
212260666,pull,posible_no_fisiologico_salto_o_pico,312,12,5,1215.1307,6097.3641
212260666,pull,outlier_estadistico_extremo,282,12,5,3152.3859,4.3498
212260666,pull,posible_ocular_frontal_banda_baja,136,6,2,213.4027,399.1654
212260666,push,salto_brusco_estadistico,211,14,5,4.4749,194.7122
212260666,push,posible_muscular_beta_gamma,132,6,3,54.7705,254.4967
212260666,push,posible_no_fisiologico_salto_o_pico,85,10,5,164.5518,701.3092
212260666,push,outlier_estadistico_extremo,32,6,5,36.9247,4.1422
212260666,push,posible_ocular_frontal_banda_baja,14,4,2,22.799,49.7035
212260666,right,salto_brusco_estadistico,185,14,5,4.4131,67.9318
212260666,right,posible_muscular_beta_gamma,148,6,3,539.7795,1186.2581
212260666,right,posible_no_fisiologico_salto_o_pico,98,12,5,437.9254,1344.6639
212260666,right,posible_ocular_frontal_banda_baja,38,6,2,243.5567,560.4237
212260666,right,outlier_estadistico_extremo,10,4,5,16.3379,4.2961
212260668,all,salto_brusco_estadistico,955,14,5,4.4949,66.3345
212260668,all,posible_muscular_beta_gamma,893,6,3,26.3609,131.2127
212260668,all,outlier_estadistico_extremo,830,12,5,37.0975,4.4857
212260668,all,posible_no_fisiologico_salto_o_pico,483,12,5,35.4112,134.1273
212260668,all,posible_ocular_frontal_banda_baja,204,6,2,20.1375,112.0492
212260668,left,salto_brusco_estadistico,49,13,5,0.8081,140.3526
212260668,left,posible_muscular_beta_gamma,16,6,3,5.6168,112.3434
212260668,left,outlier_estadistico_extremo,1,1,1,5.9607,3.4446
212260668,pull,salto_brusco_estadistico,194,14,5,4.444,201.9093
212260668,pull,posible_muscular_beta_gamma,166,6,3,70.786,198.3311
212260668,pull,posible_no_fisiologico_salto_o_pico,150,11,5,74.1585,49.7781
212260668,pull,posible_ocular_frontal_banda_baja,70,6,2,29.342,23.0203
212260668,pull,outlier_estadistico_extremo,38,9,5,16.2955,3.905
212260668,push,outlier_estadistico_extremo,137,12,4,13.49,4.4723
212260668,push,salto_brusco_estadistico,136,14,5,4.4347,18.2115
212260668,push,posible_ocular_frontal_banda_baja,96,6,2,9.5786,7.0031
212260668,push,posible_muscular_beta_gamma,58,6,3,6.7484,8.989
212260668,push,posible_no_fisiologico_salto_o_pico,38,8,1,10.0211,18.2115
212260668,right,salto_brusco_estadistico,277,14,5,4.474,21.4146
212260668,right,posible_muscular_beta_gamma,187,6,3,12.9694,42.6427
212260668,right,posible_no_fisiologico_salto_o_pico,75,12,5,12.0692,45.3942
212260668,right,outlier_estadistico_extremo,53,12,5,11.9711,4.4901
212260668,right,posible_ocular_frontal_banda_baja,48,6,2,11.5033,48.1914
212260672,all,salto_brusco_estadistico,413,14,5,4.4862,7162.0292
212260672,all,posible_muscular_beta_gamma,147,6,3,61.7686,135.0686
212260672,all,posible_no_fisiologico_salto_o_pico,136,11,5,1754.7204,4660.5127
212260672,all,posible_ocular_frontal_banda_baja,98,6,2,30.5711,95.0617
212260672,all,outlier_estadistico_extremo,86,10,5,31.2949,4.3921
212260672,left,salto_brusco_estadistico,67,14,5,4.4806,325.6622
212260672,left,posible_muscular_beta_gamma,42,6,3,95.754,96.0825
212260672,left,outlier_estadistico_extremo,32,10,5,138.7959,4.4967
212260672,left,posible_no_fisiologico_salto_o_pico,31,10,5,99.1289,382.6689
212260672,left,posible_ocular_frontal_banda_baja,22,4,2,19.7162,32.7816
212260672,pull,salto_brusco_estadistico,125,14,5,4.4013,7289.2616
212260672,pull,posible_muscular_beta_gamma,46,6,3,23.5365,83.0555
212260672,pull,outlier_estadistico_extremo,32,8,4,10.709,3.8707
212260672,pull,posible_ocular_frontal_banda_baja,25,4,2,8.8494,31.6334
212260672,pull,posible_no_fisiologico_salto_o_pico,22,4,5,1422.0976,4743.1479
212260672,push,salto_brusco_estadistico,31,11,5,3.8222,33.0367
212260672,push,outlier_estadistico_extremo,9,4,4,14.2294,3.8128
212260672,push,posible_muscular_beta_gamma,9,4,3,2.1758,14.6704
212260672,push,posible_no_fisiologico_salto_o_pico,2,2,2,12.4653,21.6878
212260672,push,posible_ocular_frontal_banda_baja,2,1,1,7.7108,7.6576
212260672,right,salto_brusco_estadistico,140,14,5,4.3182,77.6237
212260672,right,posible_muscular_beta_gamma,46,6,3,8.8783,18.1441
212260672,right,outlier_estadistico_extremo,21,9,4,15.4868,4.2231
212260672,right,posible_ocular_frontal_banda_baja,19,6,2,22.6238,8.357
212260672,right,posible_no_fisiologico_salto_o_pico,15,5,4,17.4172,68.147
222260671,all,salto_brusco_estadistico,729,14,5,4.499,1414.6222
222260671,all,posible_muscular_beta_gamma,480,6,3,173.6573,597.7465
222260671,all,posible_no_fisiologico_salto_o_pico,423,12,5,430.78,1377.4653
222260671,all,posible_ocular_frontal_banda_baja,217,6,2,242.1296,812.7165
222260671,all,outlier_estadistico_extremo,161,12,5,265.4051,4.4967
222260671,left,salto_brusco_estadistico,60,13,5,3.5425,25.3381
222260671,left,posible_muscular_beta_gamma,35,6,3,9.7128,21.584
222260671,left,outlier_estadistico_extremo,4,3,1,5.2461,1.2366
222260671,left,posible_ocular_frontal_banda_baja,3,2,1,9.6487,7.4957
222260671,left,posible_no_fisiologico_salto_o_pico,2,1,1,7.0822,25.631
222260671,pull,salto_brusco_estadistico,117,14,5,3.9272,68.8788
222260671,pull,posible_muscular_beta_gamma,74,6,3,130.6273,267.2891
222260671,pull,outlier_estadistico_extremo,29,4,4,17.1175,3.9689
222260671,pull,posible_ocular_frontal_banda_baja,27,3,2,174.4502,707.5432
222260671,pull,posible_no_fisiologico_salto_o_pico,21,3,5,17.2431,46.1808
222260671,push,salto_brusco_estadistico,74,14,5,4.1175,38.2014
222260671,push,posible_muscular_beta_gamma,65,6,3,86.5159,145.1674
222260671,push,outlier_estadistico_extremo,18,5,3,12.8949,3.9231
222260671,push,posible_ocular_frontal_banda_baja,16,4,2,7.7744,28.0673
222260671,push,posible_no_fisiologico_salto_o_pico,14,5,3,39.2053,56.8828
222260671,right,salto_brusco_estadistico,374,14,5,4.4949,531.4094
222260671,right,posible_muscular_beta_gamma,247,6,3,101.4395,453.0061
222260671,right,posible_no_fisiologico_salto_o_pico,167,11,5,278.6163,626.2557
222260671,right,posible_ocular_frontal_banda_baja,121,6,2,92.3118,134.6344
222260671,right,outlier_estadistico_extremo,92,11,5,464.9015,4.4967
22260552,all,posible_muscular_beta_gamma,3905,6,3,1424.8576,4708.6192
22260552,all,salto_brusco_estadistico,3400,14,5,4.4963,26239.725
22260552,all,posible_no_fisiologico_salto_o_pico,2574,12,5,7463.5247,14893.9493
22260552,all,outlier_estadistico_extremo,1362,12,5,291.7702,4.4992
22260552,all,posible_ocular_frontal_banda_baja,944,6,2,1986.7706,3807.9995
22260552,left,salto_brusco_estadistico,576,14,5,4.4927,229.8755
22260552,left,posible_muscular_beta_gamma,342,6,3,43.3281,136.4364
22260552,left,posible_no_fisiologico_salto_o_pico,276,12,5,181.6806,607.6003
22260552,left,outlier_estadistico_extremo,141,11,5,38.13,4.4714
22260552,left,posible_ocular_frontal_banda_baja,102,6,2,101.6161,320.4312
22260552,pull,salto_brusco_estadistico,1475,14,5,4.4979,520.26
22260552,pull,posible_no_fisiologico_salto_o_pico,755,12,5,295.6474,847.8309
22260552,pull,posible_muscular_beta_gamma,750,6,3,93.8454,174.9408
22260552,pull,outlier_estadistico_extremo,327,12,5,90.9658,4.453
22260552,pull,posible_ocular_frontal_banda_baja,259,6,2,92.026,67.1127
22260552,push,posible_no_fisiologico_salto_o_pico,252,12,5,557.7077,1170.1784
22260552,push,salto_brusco_estadistico,245,14,5,4.4638,26.4704
22260552,push,posible_muscular_beta_gamma,230,6,3,43.1573,105.1648
22260552,push,posible_ocular_frontal_banda_baja,99,6,2,127.7483,237.5638
22260552,push,outlier_estadistico_extremo,65,11,5,164.8877,4.4551
22260552,right,posible_no_fisiologico_salto_o_pico,997,12,5,6187.6033,13239.096
22260552,right,salto_brusco_estadistico,982,14,5,4.473,23324.17
22260552,right,posible_muscular_beta_gamma,772,6,3,1496.9579,4708.6192
22260552,right,posible_ocular_frontal_banda_baja,373,6,2,1680.1385,3326.9819
22260552,right,outlier_estadistico_extremo,317,12,5,221.0855,4.478
231260558,all,salto_brusco_estadistico,2959,14,5,4.494,289.8945
231260558,all,posible_muscular_beta_gamma,1955,6,3,32.6537,116.3952
231260558,all,outlier_estadistico_extremo,1437,12,5,41.731,4.4997
231260558,all,posible_no_fisiologico_salto_o_pico,1042,12,5,81.4201,290.2252
231260558,all,posible_ocular_frontal_banda_baja,313,6,2,31.6332,96.9693
231260558,left,salto_brusco_estadistico,781,14,5,4.4823,149.9042
231260558,left,posible_muscular_beta_gamma,396,6,3,14.3747,47.5673
231260558,left,outlier_estadistico_extremo,190,12,5,19.9142,4.4324
231260558,left,posible_no_fisiologico_salto_o_pico,166,11,5,38.4359,89.2737
231260558,left,posible_ocular_frontal_banda_baja,70,6,2,16.1138,33.8979
231260558,pull,salto_brusco_estadistico,1243,14,5,4.4966,42.5182
231260558,pull,posible_muscular_beta_gamma,440,6,3,14.0446,43.5453
231260558,pull,posible_no_fisiologico_salto_o_pico,218,12,5,39.8079,65.7638
231260558,pull,outlier_estadistico_extremo,184,12,5,29.2877,4.4967
231260558,pull,posible_ocular_frontal_banda_baja,168,6,2,48.1499,117.7364
231260558,push,salto_brusco_estadistico,435,14,5,4.4845,265.1563
231260558,push,posible_muscular_beta_gamma,182,6,3,25.3092,101.3825
231260558,push,posible_no_fisiologico_salto_o_pico,155,12,5,84.2942,294.6186
231260558,push,outlier_estadistico_extremo,88,11,5,46.5731,4.3689
231260558,push,posible_ocular_frontal_banda_baja,80,6,2,11.4646,37.5683
231260558,right,salto_brusco_estadistico,590,14,5,4.4734,52.1081
231260558,right,posible_muscular_beta_gamma,187,6,3,5.8662,19.3019
231260558,right,outlier_estadistico_extremo,41,9,4,12.8978,4.4762
231260558,right,posible_no_fisiologico_salto_o_pico,35,9,5,55.2396,256.1264
231260558,right,posible_ocular_frontal_banda_baja,20,5,2,8.1269,30.973
252260554,all,salto_brusco_estadistico,2196,14,5,4.4921,1254.2572
252260554,all,posible_muscular_beta_gamma,1138,6,3,32.362,102.7946
252260554,all,posible_no_fisiologico_salto_o_pico,606,12,5,799.6071,1876.2091
252260554,all,posible_ocular_frontal_banda_baja,510,6,2,147.3395,416.7907
252260554,all,outlier_estadistico_extremo,433,12,5,23.2967,4.4967
252260554,left,salto_brusco_estadistico,857,14,5,4.4924,549.9932
252260554,left,posible_muscular_beta_gamma,296,6,3,9.7183,26.1304
252260554,left,posible_no_fisiologico_salto_o_pico,197,11,5,149.2297,546.9644
252260554,left,outlier_estadistico_extremo,143,11,5,26.6869,4.4638
252260554,left,posible_ocular_frontal_banda_baja,116,6,2,33.7021,95.2634
252260554,pull,salto_brusco_estadistico,228,14,5,4.4152,32.2962
252260554,pull,posible_muscular_beta_gamma,125,6,3,13.6098,34.9897
252260554,pull,posible_ocular_frontal_banda_baja,36,3,2,30.014,16.2051
252260554,pull,outlier_estadistico_extremo,18,6,4,24.501,4.0328
252260554,pull,posible_no_fisiologico_salto_o_pico,12,4,3,23.4561,11.4433
252260554,push,salto_brusco_estadistico,734,14,5,4.4479,224.6387
252260554,push,posible_muscular_beta_gamma,515,6,3,28.9371,94.0356
252260554,push,posible_no_fisiologico_salto_o_pico,261,12,5,644.8322,1592.6536
252260554,push,posible_ocular_frontal_banda_baja,223,6,2,87.3449,255.9591
252260554,push,outlier_estadistico_extremo,179,12,5,18.5969,4.4908
252260554,right,salto_brusco_estadistico,361,14,5,4.4867,731.9912
252260554,right,posible_muscular_beta_gamma,138,6,3,8.2349,20.2728
252260554,right,posible_no_fisiologico_salto_o_pico,129,11,5,303.4111,385.7835
252260554,right,outlier_estadistico_extremo,96,12,5,21.048,4.3618
252260554,right,posible_ocular_frontal_banda_baja,56,6,2,8.6472,21.975
252260556,all,salto_brusco_estadistico,2536,14,5,4.4869,750.163
252260556,all,posible_muscular_beta_gamma,1104,6,3,51.1041,155.8095
252260556,all,posible_no_fisiologico_salto_o_pico,991,12,5,333.5324,908.6838
252260556,all,posible_ocular_frontal_banda_baja,583,6,2,200.3417,438.9666
252260556,all,outlier_estadistico_extremo,368,12,5,81.621,4.4961
252260556,left,salto_brusco_estadistico,926,14,5,4.4892,879.5015
252260556,left,posible_no_fisiologico_salto_o_pico,420,12,5,316.7609,1065.3534
252260556,left,posible_muscular_beta_gamma,389,6,3,47.1885,121.6116
252260556,left,posible_ocular_frontal_banda_baja,260,6,2,179.491,416.2949
252260556,left,outlier_estadistico_extremo,172,12,5,41.9991,4.4861
252260556,pull,salto_brusco_estadistico,850,14,5,4.4929,56.8977
252260556,pull,posible_no_fisiologico_salto_o_pico,402,12,3,275.8325,226.9665
252260556,pull,posible_muscular_beta_gamma,271,6,3,10.1276,22.114
252260556,pull,posible_ocular_frontal_banda_baja,262,6,2,191.5501,119.5026
252260556,pull,outlier_estadistico_extremo,96,12,4,61.248,4.4334
252260556,push,salto_brusco_estadistico,391,14,5,4.4661,152.6463
252260556,push,posible_muscular_beta_gamma,151,6,3,5.0511,16.8625
252260556,push,posible_no_fisiologico_salto_o_pico,61,8,5,42.4676,66.7522
252260556,push,posible_ocular_frontal_banda_baja,48,6,2,8.7809,16.0751
252260556,push,outlier_estadistico_extremo,47,11,3,19.2675,4.4341
252260556,right,salto_brusco_estadistico,331,14,5,4.4967,58.2873
252260556,right,posible_muscular_beta_gamma,160,6,3,12.1837,25.9522
252260556,right,posible_no_fisiologico_salto_o_pico,50,10,4,22.3582,37.8333
252260556,right,outlier_estadistico_extremo,46,9,5,12.5349,4.3778
252260556,right,posible_ocular_frontal_banda_baja,20,6,2,13.1945,42.3198
252260670,all,salto_brusco_estadistico,646,14,5,4.4676,1480.9913
252260670,all,posible_muscular_beta_gamma,332,6,3,68.2588,154.2093
252260670,all,posible_no_fisiologico_salto_o_pico,312,12,5,205.0598,375.2413
252260670,all,posible_ocular_frontal_banda_baja,160,5,2,305.5937,509.6634
252260670,all,outlier_estadistico_extremo,113,12,5,169.4938,4.4751
252260670,left,salto_brusco_estadistico,31,11,5,4.1679,38.7691
252260670,left,posible_muscular_beta_gamma,21,6,3,7.7049,22.4608
252260670,left,outlier_estadistico_extremo,6,4,3,6.4833,2.8829
252260670,left,posible_no_fisiologico_salto_o_pico,2,2,1,7.8373,13.4731
252260670,pull,salto_brusco_estadistico,63,14,5,4.4045,41.4817
252260670,pull,posible_muscular_beta_gamma,44,6,3,99.1044,43.4333
252260670,pull,outlier_estadistico_extremo,33,5,5,37.0975,4.047
252260670,pull,posible_no_fisiologico_salto_o_pico,18,8,4,59.0326,98.9536
252260670,pull,posible_ocular_frontal_banda_baja,10,2,2,177.2071,277.4996
252260670,push,salto_brusco_estadistico,232,14,5,4.4774,68.1245
252260670,push,posible_no_fisiologico_salto_o_pico,186,12,5,36.6982,43.168
252260670,push,posible_muscular_beta_gamma,152,6,3,14.3879,14.6016
252260670,push,outlier_estadistico_extremo,93,12,5,38.8962,4.4806
252260670,push,posible_ocular_frontal_banda_baja,61,5,2,13.4113,19.4468
252260670,right,salto_brusco_estadistico,239,14,5,4.4516,3242.8487
252260670,right,posible_muscular_beta_gamma,137,6,3,83.1438,173.9855
252260670,right,posible_ocular_frontal_banda_baja,114,6,2,372.7402,306.3582
252260670,right,posible_no_fisiologico_salto_o_pico,81,11,5,957.8479,579.1784
252260670,right,outlier_estadistico_extremo,36,10,5,792.2242,4.4667
cano,all,posible_no_fisiologico_salto_o_pico,2765,12,5,3662.2485,6710.821
cano,all,posible_muscular_beta_gamma,1960,6,3,534.044,736.3649
cano,all,salto_brusco_estadistico,1787,14,5,4.4902,1138.3414
cano,all,posible_ocular_frontal_banda_baja,1075,6,2,1818.3073,3368.0797
cano,all,outlier_estadistico_extremo,422,12,5,335.439,4.4648
cano,left,salto_brusco_estadistico,201,14,5,4.4983,20.9421
cano,left,posible_muscular_beta_gamma,116,6,3,11.159,20.3676
cano,left,posible_no_fisiologico_salto_o_pico,34,4,3,66.0769,36.0531
cano,left,outlier_estadistico_extremo,30,7,4,47.4719,4.4169
cano,left,posible_ocular_frontal_banda_baja,6,4,2,5.866,5.9029
cano,pull,salto_brusco_estadistico,134,14,5,4.488,68.0166
cano,pull,posible_muscular_beta_gamma,45,6,3,8.4531,16.5897
cano,pull,outlier_estadistico_extremo,15,7,5,20.3654,3.8883
cano,pull,posible_no_fisiologico_salto_o_pico,14,7,4,23.9334,72.7381
cano,pull,posible_ocular_frontal_banda_baja,11,6,2,11.7282,31.2438
cano,push,salto_brusco_estadistico,460,14,5,4.4262,257.7137
cano,push,posible_muscular_beta_gamma,219,6,3,11.3353,39.121
cano,push,posible_no_fisiologico_salto_o_pico,107,12,5,410.3847,724.8484
cano,push,posible_ocular_frontal_banda_baja,89,6,2,104.4837,303.4841
cano,push,outlier_estadistico_extremo,48,12,5,35.6723,4.4834
cano,right,posible_no_fisiologico_salto_o_pico,2497,12,5,3375.4668,4949.8637
cano,right,posible_muscular_beta_gamma,1417,6,3,487.294,532.3856
cano,right,posible_ocular_frontal_banda_baja,961,6,2,1592.5902,2238.1346
cano,right,salto_brusco_estadistico,581,14,5,4.4908,137.2323
cano,right,outlier_estadistico_extremo,404,12,5,549.3894,4.483
villanueva,all,salto_brusco_estadistico,2210,14,5,4.492,58.4623
villanueva,all,posible_muscular_beta_gamma,1431,6,3,18.3432,44.1031
villanueva,all,posible_no_fisiologico_salto_o_pico,965,12,5,45.6585,99.2824
villanueva,all,outlier_estadistico_extremo,750,12,5,40.3763,4.4905
villanueva,all,posible_ocular_frontal_banda_baja,531,6,2,26.1397,53.7199
villanueva,left,salto_brusco_estadistico,81,13,5,4.4472,29.0035
villanueva,left,posible_muscular_beta_gamma,28,6,3,8.1474,16.5512
villanueva,left,outlier_estadistico_extremo,11,5,3,22.4249,3.5471
villanueva,left,posible_ocular_frontal_banda_baja,5,3,2,5.398,3.9982
villanueva,left,posible_no_fisiologico_salto_o_pico,3,3,3,25.1405,21.7625
villanueva,pull,salto_brusco_estadistico,1169,14,5,4.4848,51.414
villanueva,pull,posible_muscular_beta_gamma,758,6,3,18.6237,32.6008
villanueva,pull,posible_no_fisiologico_salto_o_pico,499,12,5,50.1817,78.123
villanueva,pull,outlier_estadistico_extremo,401,12,5,42.6821,4.4967
villanueva,pull,posible_ocular_frontal_banda_baja,284,6,2,27.6341,36.7361
villanueva,push,salto_brusco_estadistico,607,14,5,4.4967,34.1555
villanueva,push,posible_muscular_beta_gamma,388,6,3,20.5283,59.7399
villanueva,push,posible_no_fisiologico_salto_o_pico,356,12,5,43.4614,140.9553
villanueva,push,outlier_estadistico_extremo,200,12,5,44.2057,4.4967
villanueva,push,posible_ocular_frontal_banda_baja,194,6,2,34.6229,75.1253
villanueva,right,salto_brusco_estadistico,222,14,5,4.3251,62.9132
villanueva,right,outlier_estadistico_extremo,134,12,5,14.5668,4.4967
villanueva,right,posible_muscular_beta_gamma,124,6,3,11.946,28.5179
villanueva,right,posible_no_fisiologico_salto_o_pico,71,12,5,16.2113,60.784
villanueva,right,posible_ocular_frontal_banda_baja,44,5,2,13.6637,21.3755
