sujeto,archivo,tipo,filas,ruta
211260561,211260561_all_Outliers.csv,all_Outliers,4394,/kaggle/working/outputs/TESE_pruebas/run_20260902_145353/processed_data/usuarios/211260561/211260561_all_Outliers.csv
211260561,211260561_Left_matchResults.csv,Left_matchResults,307,/kaggle/working/outputs/TESE_pruebas/run_20260902_145353/processed_data/usuarios/211260561/211260561_Left_matchResults.csv
211260561,211260561_Right_matchResults.csv,Right_matchResults,88,/kaggle/working/outputs/TESE_pruebas/run_20260902_145353/processed_data/usuarios/211260561/211260561_Right_matchResults.csv
211260561,211260561_Push_matchResults.csv,Push_matchResults,202,/kaggle/working/outputs/TESE_pruebas/run_20260902_145353/processed_data/usuarios/211260561/211260561_Push_matchResults.csv
211260561,211260561_Pull_matchResults.csv,Pull_matchResults,113,/kaggle/working/outputs/TESE_pruebas/run_20260902_145353/processed_data/usuarios/211260561/211260561_Pull_matchResults.csv
212260563,212260563_all_Outliers.csv,all_Outliers,1844,/kaggle/working/outputs/TESE_pruebas/run_20260902_145353/processed_data/usuarios/212260563/212260563_all_Outliers.csv
212260563,212260563_Left_matchResults.csv,Left_matchResults,71,/kaggle/working/outputs/TESE_pruebas/run_20260902_145353/processed_data/usuarios/212260563/212260563_Left_matchResults.csv
212260563,212260563_Right_matchResults.csv,Right_matchResults,50,/kaggle/working/outputs/TESE_pruebas/run_20260902_145353/processed_data/usuarios/212260563/212260563_Right_matchResults.csv
212260563,212260563_Push_matchResults.csv,Push_matchResults,5,/kaggle/working/outputs/TESE_pruebas/run_20260902_145353/processed_data/usuarios/212260563/212260563_Push_matchResults.csv
212260563,212260563_Pull_matchResults.csv,Pull_matchResults,38,/kaggle/working/outputs/TESE_pruebas/run_20260902_145353/processed_data/usuarios/212260563/212260563_Pull_matchResults.csv
212260567,212260567_all_Outliers.csv,all_Outliers,1615,/kaggle/working/outputs/TESE_pruebas/run_20260902_145353/processed_data/usuarios/212260567/212260567_all_Outliers.csv
212260567,212260567_Left_matchResults.csv,Left_matchResults,57,/kaggle/working/outputs/TESE_pruebas/run_20260902_145353/processed_data/usuarios/212260567/212260567_Left_matchResults.csv
212260567,212260567_Right_matchResults.csv,Right_matchResults,6,/kaggle/working/outputs/TESE_pruebas/run_20260902_145353/processed_data/usuarios/212260567/212260567_Right_matchResults.csv
212260567,212260567_Push_matchResults.csv,Push_matchResults,29,/kaggle/working/outputs/TESE_pruebas/run_20260902_145353/processed_data/usuarios/212260567/212260567_Push_matchResults.csv
212260567,212260567_Pull_matchResults.csv,Pull_matchResults,68,/kaggle/working/outputs/TESE_pruebas/run_20260902_145353/processed_data/usuarios/212260567/212260567_Pull_matchResults.csv
212260569,212260569_all_Outliers.csv,all_Outliers,1721,/kaggle/working/outputs/TESE_pruebas/run_20260902_145353/processed_data/usuarios/212260569/212260569_all_Outliers.csv
212260569,212260569_Left_matchResults.csv,Left_matchResults,109,/kaggle/working/outputs/TESE_pruebas/run_20260902_145353/processed_data/usuarios/212260569/212260569_Left_matchResults.csv
212260569,212260569_Right_matchResults.csv,Right_matchResults,0,/kaggle/working/outputs/TESE_pruebas/run_20260902_145353/processed_data/usuarios/212260569/212260569_Right_matchResults.csv
212260569,212260569_Push_matchResults.csv,Push_matchResults,129,/kaggle/working/outputs/TESE_pruebas/run_20260902_145353/processed_data/usuarios/212260569/212260569_Push_matchResults.csv
212260569,212260569_Pull_matchResults.csv,Pull_matchResults,25,/kaggle/working/outputs/TESE_pruebas/run_20260902_145353/processed_data/usuarios/212260569/212260569_Pull_matchResults.csv
212260666,212260666_all_Outliers.csv,all_Outliers,1777,/kaggle/working/outputs/TESE_pruebas/run_20260902_145353/processed_data/usuarios/212260666/212260666_all_Outliers.csv
212260666,212260666_Left_matchResults.csv,Left_matchResults,16,/kaggle/working/outputs/TESE_pruebas/run_20260902_145353/processed_data/usuarios/212260666/212260666_Left_matchResults.csv
212260666,212260666_Right_matchResults.csv,Right_matchResults,38,/kaggle/working/outputs/TESE_pruebas/run_20260902_145353/processed_data/usuarios/212260666/212260666_Right_matchResults.csv
212260666,212260666_Push_matchResults.csv,Push_matchResults,44,/kaggle/working/outputs/TESE_pruebas/run_20260902_145353/processed_data/usuarios/212260666/212260666_Push_matchResults.csv
212260666,212260666_Pull_matchResults.csv,Pull_matchResults,165,/kaggle/working/outputs/TESE_pruebas/run_20260902_145353/processed_data/usuarios/212260666/212260666_Pull_matchResults.csv
212260668,212260668_all_Outliers.csv,all_Outliers,1630,/kaggle/working/outputs/TESE_pruebas/run_20260902_145353/processed_data/usuarios/212260668/212260668_all_Outliers.csv
212260668,212260668_Left_matchResults.csv,Left_matchResults,6,/kaggle/working/outputs/TESE_pruebas/run_20260902_145353/processed_data/usuarios/212260668/212260668_Left_matchResults.csv
212260668,212260668_Right_matchResults.csv,Right_matchResults,69,/kaggle/working/outputs/TESE_pruebas/run_20260902_145353/processed_data/usuarios/212260668/212260668_Right_matchResults.csv
212260668,212260668_Push_matchResults.csv,Push_matchResults,79,/kaggle/working/outputs/TESE_pruebas/run_20260902_145353/processed_data/usuarios/212260668/212260668_Push_matchResults.csv
212260668,212260668_Pull_matchResults.csv,Pull_matchResults,73,/kaggle/working/outputs/TESE_pruebas/run_20260902_145353/processed_data/usuarios/212260668/212260668_Pull_matchResults.csv
212260672,212260672_all_Outliers.csv,all_Outliers,1343,/kaggle/working/outputs/TESE_pruebas/run_20260902_145353/processed_data/usuarios/212260672/212260672_all_Outliers.csv
212260672,212260672_Left_matchResults.csv,Left_matchResults,16,/kaggle/working/outputs/TESE_pruebas/run_20260902_145353/processed_data/usuarios/212260672/212260672_Left_matchResults.csv
212260672,212260672_Right_matchResults.csv,Right_matchResults,36,/kaggle/working/outputs/TESE_pruebas/run_20260902_145353/processed_data/usuarios/212260672/212260672_Right_matchResults.csv
212260672,212260672_Push_matchResults.csv,Push_matchResults,11,/kaggle/working/outputs/TESE_pruebas/run_20260902_145353/processed_data/usuarios/212260672/212260672_Push_matchResults.csv
212260672,212260672_Pull_matchResults.csv,Pull_matchResults,68,/kaggle/working/outputs/TESE_pruebas/run_20260902_145353/processed_data/usuarios/212260672/212260672_Pull_matchResults.csv
222260671,222260671_all_Outliers.csv,all_Outliers,1624,/kaggle/working/outputs/TESE_pruebas/run_20260902_145353/processed_data/usuarios/222260671/222260671_all_Outliers.csv
222260671,222260671_Left_matchResults.csv,Left_matchResults,31,/kaggle/working/outputs/TESE_pruebas/run_20260902_145353/processed_data/usuarios/222260671/222260671_Left_matchResults.csv
222260671,222260671_Right_matchResults.csv,Right_matchResults,152,/kaggle/working/outputs/TESE_pruebas/run_20260902_145353/processed_data/usuarios/222260671/222260671_Right_matchResults.csv
222260671,222260671_Push_matchResults.csv,Push_matchResults,23,/kaggle/working/outputs/TESE_pruebas/run_20260902_145353/processed_data/usuarios/222260671/222260671_Push_matchResults.csv
222260671,222260671_Pull_matchResults.csv,Pull_matchResults,42,/kaggle/working/outputs/TESE_pruebas/run_20260902_145353/processed_data/usuarios/222260671/222260671_Pull_matchResults.csv
22260552,22260552_all_Outliers.csv,all_Outliers,4390,/kaggle/working/outputs/TESE_pruebas/run_20260902_145353/processed_data/usuarios/22260552/22260552_all_Outliers.csv
22260552,22260552_Left_matchResults.csv,Left_matchResults,240,/kaggle/working/outputs/TESE_pruebas/run_20260902_145353/processed_data/usuarios/22260552/22260552_Left_matchResults.csv
22260552,22260552_Right_matchResults.csv,Right_matchResults,466,/kaggle/working/outputs/TESE_pruebas/run_20260902_145353/processed_data/usuarios/22260552/22260552_Right_matchResults.csv
22260552,22260552_Push_matchResults.csv,Push_matchResults,78,/kaggle/working/outputs/TESE_pruebas/run_20260902_145353/processed_data/usuarios/22260552/22260552_Push_matchResults.csv
22260552,22260552_Pull_matchResults.csv,Pull_matchResults,597,/kaggle/working/outputs/TESE_pruebas/run_20260902_145353/processed_data/usuarios/22260552/22260552_Pull_matchResults.csv
231260558,231260558_all_Outliers.csv,all_Outliers,4191,/kaggle/working/outputs/TESE_pruebas/run_20260902_145353/processed_data/usuarios/231260558/231260558_all_Outliers.csv
231260558,231260558_Left_matchResults.csv,Left_matchResults,294,/kaggle/working/outputs/TESE_pruebas/run_20260902_145353/processed_data/usuarios/231260558/231260558_Left_matchResults.csv
231260558,231260558_Right_matchResults.csv,Right_matchResults,223,/kaggle/working/outputs/TESE_pruebas/run_20260902_145353/processed_data/usuarios/231260558/231260558_Right_matchResults.csv
231260558,231260558_Push_matchResults.csv,Push_matchResults,189,/kaggle/working/outputs/TESE_pruebas/run_20260902_145353/processed_data/usuarios/231260558/231260558_Push_matchResults.csv
231260558,231260558_Pull_matchResults.csv,Pull_matchResults,531,/kaggle/working/outputs/TESE_pruebas/run_20260902_145353/processed_data/usuarios/231260558/231260558_Pull_matchResults.csv
252260554,252260554_all_Outliers.csv,all_Outliers,4451,/kaggle/working/outputs/TESE_pruebas/run_20260902_145353/processed_data/usuarios/252260554/252260554_all_Outliers.csv
252260554,252260554_Left_matchResults.csv,Left_matchResults,314,/kaggle/working/outputs/TESE_pruebas/run_20260902_145353/processed_data/usuarios/252260554/252260554_Left_matchResults.csv
252260554,252260554_Right_matchResults.csv,Right_matchResults,89,/kaggle/working/outputs/TESE_pruebas/run_20260902_145353/processed_data/usuarios/252260554/252260554_Right_matchResults.csv
252260554,252260554_Push_matchResults.csv,Push_matchResults,310,/kaggle/working/outputs/TESE_pruebas/run_20260902_145353/processed_data/usuarios/252260554/252260554_Push_matchResults.csv
252260554,252260554_Pull_matchResults.csv,Pull_matchResults,58,/kaggle/working/outputs/TESE_pruebas/run_20260902_145353/processed_data/usuarios/252260554/252260554_Pull_matchResults.csv
252260556,252260556_all_Outliers.csv,all_Outliers,4632,/kaggle/working/outputs/TESE_pruebas/run_20260902_145353/processed_data/usuarios/252260556/252260556_all_Outliers.csv
252260556,252260556_Left_matchResults.csv,Left_matchResults,335,/kaggle/working/outputs/TESE_pruebas/run_20260902_145353/processed_data/usuarios/252260556/252260556_Left_matchResults.csv
252260556,252260556_Right_matchResults.csv,Right_matchResults,121,/kaggle/working/outputs/TESE_pruebas/run_20260902_145353/processed_data/usuarios/252260556/252260556_Right_matchResults.csv
252260556,252260556_Push_matchResults.csv,Push_matchResults,159,/kaggle/working/outputs/TESE_pruebas/run_20260902_145353/processed_data/usuarios/252260556/252260556_Push_matchResults.csv
252260556,252260556_Pull_matchResults.csv,Pull_matchResults,299,/kaggle/working/outputs/TESE_pruebas/run_20260902_145353/processed_data/usuarios/252260556/252260556_Pull_matchResults.csv
252260670,252260670_all_Outliers.csv,all_Outliers,2468,/kaggle/working/outputs/TESE_pruebas/run_20260902_145353/processed_data/usuarios/252260670/252260670_all_Outliers.csv
252260670,252260670_Left_matchResults.csv,Left_matchResults,9,/kaggle/working/outputs/TESE_pruebas/run_20260902_145353/processed_data/usuarios/252260670/252260670_Left_matchResults.csv
252260670,252260670_Right_matchResults.csv,Right_matchResults,93,/kaggle/working/outputs/TESE_pruebas/run_20260902_145353/processed_data/usuarios/252260670/252260670_Right_matchResults.csv
252260670,252260670_Push_matchResults.csv,Push_matchResults,68,/kaggle/working/outputs/TESE_pruebas/run_20260902_145353/processed_data/usuarios/252260670/252260670_Push_matchResults.csv
252260670,252260670_Pull_matchResults.csv,Pull_matchResults,20,/kaggle/working/outputs/TESE_pruebas/run_20260902_145353/processed_data/usuarios/252260670/252260670_Pull_matchResults.csv
cano,cano_all_Outliers.csv,all_Outliers,941,/kaggle/working/outputs/TESE_pruebas/run_20260902_145353/processed_data/usuarios/cano/cano_all_Outliers.csv
cano,cano_Left_matchResults.csv,Left_matchResults,106,/kaggle/working/outputs/TESE_pruebas/run_20260902_145353/processed_data/usuarios/cano/cano_Left_matchResults.csv
cano,cano_Right_matchResults.csv,Right_matchResults,565,/kaggle/working/outputs/TESE_pruebas/run_20260902_145353/processed_data/usuarios/cano/cano_Right_matchResults.csv
cano,cano_Push_matchResults.csv,Push_matchResults,235,/kaggle/working/outputs/TESE_pruebas/run_20260902_145353/processed_data/usuarios/cano/cano_Push_matchResults.csv
cano,cano_Pull_matchResults.csv,Pull_matchResults,35,/kaggle/working/outputs/TESE_pruebas/run_20260902_145353/processed_data/usuarios/cano/cano_Pull_matchResults.csv
villanueva,villanueva_all_Outliers.csv,all_Outliers,689,/kaggle/working/outputs/TESE_pruebas/run_20260902_145353/processed_data/usuarios/villanueva/villanueva_all_Outliers.csv
villanueva,villanueva_Left_matchResults.csv,Left_matchResults,17,/kaggle/working/outputs/TESE_pruebas/run_20260902_145353/processed_data/usuarios/villanueva/villanueva_Left_matchResults.csv
villanueva,villanueva_Right_matchResults.csv,Right_matchResults,49,/kaggle/working/outputs/TESE_pruebas/run_20260902_145353/processed_data/usuarios/villanueva/villanueva_Right_matchResults.csv
villanueva,villanueva_Push_matchResults.csv,Push_matchResults,226,/kaggle/working/outputs/TESE_pruebas/run_20260902_145353/processed_data/usuarios/villanueva/villanueva_Push_matchResults.csv
villanueva,villanueva_Pull_matchResults.csv,Pull_matchResults,397,/kaggle/working/outputs/TESE_pruebas/run_20260902_145353/processed_data/usuarios/villanueva/villanueva_Pull_matchResults.csv
