sujeto,repeticion,tipo_prueba,csv,txt,origen,filas,filas_con_class,filas_sin_class,clases,archivo_salida,estado,error
211260561,unica,leftRight,211260561_LeftRight.csv,211260561_LeftRight.txt,csv_txt,2186,2186,0,"{'neutral': 1791, 'left': 307, 'right': 88}",211260561_LeftRight_All_Outliers.csv,OK,
211260561,unica,pushPull,211260561_pullPush.csv,211260561_pullPush.txt,csv_txt,2208,2208,0,"{'neutral': 1893, 'push': 202, 'pull': 113}",211260561_pullPush_All_Outliers.csv,OK,
212260563,unica,leftRight,212260563_leftRight.csv,212260563_leftRight.txt,csv_txt,897,897,0,"{'neutral': 776, 'left': 71, 'right': 50}",212260563_leftRight_All_Outliers.csv,OK,
212260563,unica,pushPull,212260563_pullPush.csv,212260563_pullPush.txt,csv_txt,947,947,0,"{'neutral': 904, 'pull': 38, 'push': 5}",212260563_pullPush_All_Outliers.csv,OK,
212260567,unica,leftRight,212260567_leftRight.csv,212260567_leftRight.txt,csv_txt,848,848,0,"{'neutral': 785, 'left': 57, 'right': 6}",212260567_leftRight_All_Outliers.csv,OK,
212260567,unica,pushPull,212260567_pullPush.csv,212260567_pullPush.txt,csv_txt,767,767,0,"{'neutral': 670, 'pull': 68, 'push': 29}",212260567_pullPush_All_Outliers.csv,OK,
212260569,unica,leftRight,212260569_LeftRight.csv,212260569_LeftRight.txt,csv_txt,877,877,0,"{'neutral': 768, 'left': 109}",212260569_LeftRight_All_Outliers.csv,OK,
212260569,unica,pushPull,212260569PushPull.csv,212260569PushPull.txt,csv_txt,844,844,0,"{'neutral': 690, 'push': 129, 'pull': 25}",212260569PushPull_All_Outliers.csv,OK,
212260666,unica,leftRight,212260666_leftRight.csv,212260666_leftRight.txt,csv_txt,930,930,0,"{'neutral': 876, 'right': 38, 'left': 16}",212260666_leftRight_All_Outliers.csv,OK,
212260666,unica,pushPull,212260666_pullPush.csv,212260666_pullPush.txt,csv_txt,847,847,0,"{'neutral': 638, 'pull': 165, 'push': 44}",212260666_pullPush_All_Outliers.csv,OK,
212260668,unica,leftRight,212260668_leftRight.csv,212260668_leftRight.txt,csv_txt,922,922,0,"{'neutral': 847, 'right': 69, 'left': 6}",212260668_leftRight_All_Outliers.csv,OK,
212260668,unica,pushPull,212260668_pullPush.csv,212260668_pullPush.txt,csv_txt,708,708,0,"{'neutral': 556, 'push': 79, 'pull': 73}",212260668_pullPush_All_Outliers.csv,OK,
212260672,unica,leftRight,212260672_LeftRigth.csv,212260672_LeftRigth.txt,csv_txt,679,679,0,"{'neutral': 627, 'right': 36, 'left': 16}",212260672_LeftRigth_All_Outliers.csv,OK,
212260672,unica,pushPull,212260672_PushPull.csv,212260672_PushPull.txt,csv_txt,664,664,0,"{'neutral': 585, 'pull': 68, 'push': 11}",212260672_PushPull_All_Outliers.csv,OK,
222260671,unica,leftRight,222260671LeftRigth.csv,222260671LeftRigth.txt,csv_txt,810,810,0,"{'neutral': 627, 'right': 152, 'left': 31}",222260671LeftRigth_All_Outliers.csv,OK,
222260671,unica,pushPull,222260671PushPull.csv,222260671PushPull.txt,csv_txt,814,814,0,"{'neutral': 749, 'pull': 42, 'push': 23}",222260671PushPull_All_Outliers.csv,OK,
22260552,unica,leftRight,22260552_leftRight.csv,22260552_leftRight.txt,csv_txt,2113,2113,0,"{'neutral': 1407, 'right': 466, 'left': 240}",22260552_leftRight_All_Outliers.csv,OK,
22260552,unica,pushPull,22260552_pullPush.csv,22260552_pullPush.txt,csv_txt,2277,2277,0,"{'neutral': 1602, 'pull': 597, 'push': 78}",22260552_pullPush_All_Outliers.csv,OK,
231260558,unica,leftRight,231260558_LeftRight.csv,231260558_LeftRight.txt,csv_txt,2093,2093,0,"{'neutral': 1576, 'left': 294, 'right': 223}",231260558_LeftRight_All_Outliers.csv,OK,
231260558,unica,pushPull,231260558_PulPush.csv,231260558_PulPush.txt,csv_txt,2098,2098,0,"{'neutral': 1378, 'pull': 531, 'push': 189}",231260558_PulPush_All_Outliers.csv,OK,
252260554,unica,leftRight,252260554_leftRight.csv,252260554_leftRight.txt,csv_txt,2283,2283,0,"{'neutral': 1880, 'left': 314, 'right': 89}",252260554_leftRight_All_Outliers.csv,OK,
252260554,unica,pushPull,252260554_pullPush.csv,252260554_pullPush.txt,csv_txt,2168,2168,0,"{'neutral': 1800, 'push': 310, 'pull': 58}",252260554_pullPush_All_Outliers.csv,OK,
252260556,unica,leftRight,252260556_leftRight.csv,252260556_leftRight.txt,csv_txt,2873,2873,0,"{'neutral': 2417, 'left': 335, 'right': 121}",252260556_leftRight_All_Outliers.csv,OK,
252260556,unica,pushPull,252260556_pullPush.csv,252260556_pullPush.txt,csv_txt,1759,1759,0,"{'neutral': 1301, 'pull': 299, 'push': 159}",252260556_pullPush_All_Outliers.csv,OK,
252260670,unica,leftRight,252260670_LeftRight.csv,252260670_LeftRight.txt,csv_txt,1524,1524,0,"{'neutral': 1422, 'right': 93, 'left': 9}",252260670_LeftRight_All_Outliers.csv,OK,
252260670,unica,pushPull,252260670_PushPull.csv,252260670_PushPull.txt,csv_txt,944,944,0,"{'neutral': 856, 'push': 68, 'pull': 20}",252260670_PushPull_All_Outliers.csv,OK,
cano,1ra,leftRight,derecha 1ra_Cano 1.csv,,csv_individual_espanol,565,565,0,{'right': 565},derecha_1ra_Cano_1_All_Outliers.csv,OK,
cano,1ra,leftRight,izquierda 1ra_Cano 1.csv,,csv_individual_espanol,106,106,0,{'left': 106},izquierda_1ra_Cano_1_All_Outliers.csv,OK,
cano,1ra,pushPull,empujar 1ra_Cano 1.csv,,csv_individual_espanol,235,235,0,{'push': 235},empujar_1ra_Cano_1_All_Outliers.csv,OK,
cano,1ra,pushPull,jalar 1ra_Cano 1.csv,,csv_individual_espanol,35,35,0,{'pull': 35},jalar_1ra_Cano_1_All_Outliers.csv,OK,
villanueva,2da,leftRight,derecha 2da_Villanueva 1.csv,,csv_individual_espanol,49,49,0,{'right': 49},derecha_2da_Villanueva_1_All_Outliers.csv,OK,
villanueva,2da,leftRight,izquierda 2da_Villanueva 1.csv,,csv_individual_espanol,17,17,0,{'left': 17},izquierda_2da_Villanueva_1_All_Outliers.csv,OK,
villanueva,2da,pushPull,empujar 2da_Villanueva 1.csv,,csv_individual_espanol,226,226,0,{'push': 226},empujar_2da_Villanueva_1_All_Outliers.csv,OK,
villanueva,2da,pushPull,jalar 2da_Villanueva 1.csv,,csv_individual_espanol,397,397,0,{'pull': 397},jalar_2da_Villanueva_1_All_Outliers.csv,OK,
